{"cameraMode":{"drawMode":0,"name":"Shaded","section":"Shading Mode"},"sceneLighting":false,"audioPlay":false,"sceneViewState":{"showFog":true,"showMaterialUpdate":false,"showSkybox":true,"showFlares":true,"showImageEffects":true,"showParticleSystems":true},"in2DMode":false,"pivot":{"x":-0.003772735595703125,"y":-2.5710363388061525,"z":-11.019346237182618},"rotation":{"x":-0.0008519344846718013,"y":0.9791926741600037,"z":-0.202889546751976,"w":-0.004111785441637039},"size":10.561795234680176,"orthographic":false}