{"cameraMode":{"drawMode":0,"name":"Shaded","section":"Shading Mode"},"sceneLighting":false,"audioPlay":false,"sceneViewState":{"showFog":true,"showMaterialUpdate":false,"showSkybox":true,"showFlares":true,"showImageEffects":true,"showParticleSystems":true},"in2DMode":false,"pivot":{"x":1.1497585773468018,"y":0.24103498458862306,"z":-0.9057395458221436},"rotation":{"x":-0.03927529975771904,"y":0.9607219099998474,"z":-0.1930578649044037,"w":-0.19544732570648194},"size":4.206206798553467,"orthographic":false}