{"cameraMode":{"drawMode":31,"name":"Sprite Mask","section":"Miscellaneous"},"sceneLighting":false,"audioPlay":false,"sceneViewState":{"showFog":true,"showMaterialUpdate":false,"showSkybox":true,"showFlares":true,"showImageEffects":true,"showParticleSystems":true},"in2DMode":false,"pivot":{"x":233.13128662109376,"y":179.80137634277345,"z":5.293954372406006},"rotation":{"x":-0.01038853544741869,"y":-0.9870200157165527,"z":0.14343376457691194,"w":-0.07148715853691101},"size":2.3406460285186769,"orthographic":false}