{"cameraMode":{"drawMode":0,"name":"Shaded","section":"Shading Mode"},"sceneLighting":true,"audioPlay":false,"sceneViewState":{"showFog":true,"showMaterialUpdate":false,"showSkybox":false,"showFlares":true,"showImageEffects":true,"showParticleSystems":true},"in2DMode":false,"pivot":{"x":4.73568058013916,"y":-4.574575424194336,"z":76.45977020263672},"rotation":{"x":-0.015308719128370285,"y":0.011095866560935974,"z":-0.00016993250756058842,"w":-0.9998212456703186},"size":84.6755599975586,"orthographic":false}